{"cameraMode":{"drawMode":0,"name":"Shaded","section":"Shading Mode"},"sceneLighting":true,"audioPlay":false,"sceneViewState":{"showFog":true,"showMaterialUpdate":false,"showSkybox":true,"showFlares":true,"showImageEffects":true,"showParticleSystems":true},"in2DMode":false,"pivot":{"x":74.2080078125,"y":17.184925079345704,"z":63.74847412109375},"rotation":{"x":-0.29926857352256777,"y":0.3463630676269531,"z":-0.11752652376890183,"w":-0.8813596963882446},"size":29.04503059387207,"orthographic":false}