{"cameraMode":{"drawMode":0,"name":"Shaded","section":"Shading Mode"},"sceneLighting":false,"audioPlay":false,"sceneViewState":{"showFog":true,"showMaterialUpdate":false,"showSkybox":true,"showFlares":true,"showImageEffects":true,"showParticleSystems":true},"in2DMode":false,"pivot":{"x":0.0200653076171875,"y":9.676643371582032,"z":2.5013883113861086},"rotation":{"x":-0.3023355305194855,"y":0.3524213433265686,"z":-0.12133952975273133,"w":-0.8773829340934753},"size":41.18138122558594,"orthographic":false}